lr-AdamW/pg1,lr-AdamW/pg2,lr-AdamW/pg3,lr-AdamW/pg4,step,mmimdb/train/loss,epoch
0.002833847509916263,0.002833847509916263,0.002833847509916263,0.002833847509916263,1879,,
0.002833847509916263,0.002833847509916263,0.002833847509916263,0.002833847509916263,1879,,
0.002833847509916263,0.002833847509916263,0.002833847509916263,0.002833847509916263,1879,,
0.002833847509916263,0.002833847509916263,0.002833847509916263,0.002833847509916263,1879,,
0.002833847509916263,0.002833847509916263,0.002833847509916263,0.002833847509916263,1879,,
0.002833847509916263,0.002833847509916263,0.002833847509916263,0.002833847509916263,1879,,
0.002833847509916263,0.002833847509916263,0.002833847509916263,0.002833847509916263,1879,,
0.002833847509916263,0.002833847509916263,0.002833847509916263,0.002833847509916263,1879,,
0.002833847509916263,0.002833847509916263,0.002833847509916263,0.002833847509916263,1879,,
0.002833847509916263,0.002833847509916263,0.002833847509916263,0.002833847509916263,1879,,
0.002833847509916263,0.002833847509916263,0.002833847509916263,0.002833847509916263,1879,,
0.002833847509916263,0.002833847509916263,0.002833847509916263,0.002833847509916263,1879,,
0.002833847509916263,0.002833847509916263,0.002833847509916263,0.002833847509916263,1879,,
0.002833847509916263,0.002833847509916263,0.002833847509916263,0.002833847509916263,1879,,
0.002833847509916263,0.002833847509916263,0.002833847509916263,0.002833847509916263,1879,,
0.002833847509916263,0.002833847509916263,0.002833847509916263,0.002833847509916263,1879,,
0.002833847509916263,0.002833847509916263,0.002833847509916263,0.002833847509916263,1879,,
0.002833847509916263,0.002833847509916263,0.002833847509916263,0.002833847509916263,1879,,
0.002833847509916263,0.002833847509916263,0.002833847509916263,0.002833847509916263,1879,,
0.002833847509916263,0.002833847509916263,0.002833847509916263,0.002833847509916263,1879,,
0.002833847509916263,0.002833847509916263,0.002833847509916263,0.002833847509916263,1879,,
0.002833847509916263,0.002833847509916263,0.002833847509916263,0.002833847509916263,1879,,
0.002833847509916263,0.002833847509916263,0.002833847509916263,0.002833847509916263,1879,,
0.002833847509916263,0.002833847509916263,0.002833847509916263,0.002833847509916263,1879,,
0.002833847509916263,0.002833847509916263,0.002833847509916263,0.002833847509916263,1879,,
0.002833847509916263,0.002833847509916263,0.002833847509916263,0.002833847509916263,1879,,
0.002833847509916263,0.002833847509916263,0.002833847509916263,0.002833847509916263,1879,,
0.002833847509916263,0.002833847509916263,0.002833847509916263,0.002833847509916263,1879,,
0.002833847509916263,0.002833847509916263,0.002833847509916263,0.002833847509916263,1879,,
0.002833847509916263,0.002833847509916263,0.002833847509916263,0.002833847509916263,1879,,
0.002833847509916263,0.002833847509916263,0.002833847509916263,0.002833847509916263,1879,,
0.002833847509916263,0.002833847509916263,0.002833847509916263,0.002833847509916263,1879,,
0.002833847509916263,0.002833847509916263,0.002833847509916263,0.002833847509916263,1879,,
0.002833847509916263,0.002833847509916263,0.002833847509916263,0.002833847509916263,1879,,
0.002833847509916263,0.002833847509916263,0.002833847509916263,0.002833847509916263,1879,,
0.002833847509916263,0.002833847509916263,0.002833847509916263,0.002833847509916263,1879,,
0.002833847509916263,0.002833847509916263,0.002833847509916263,0.002833847509916263,1879,,
0.002833847509916263,0.002833847509916263,0.002833847509916263,0.002833847509916263,1879,,
0.002833847509916263,0.002833847509916263,0.002833847509916263,0.002833847509916263,1879,,
0.002833847509916263,0.002833847509916263,0.002833847509916263,0.002833847509916263,1879,,
0.002833847509916263,0.002833847509916263,0.002833847509916263,0.002833847509916263,1879,,
0.002833847509916263,0.002833847509916263,0.002833847509916263,0.002833847509916263,1879,,
0.002833847509916263,0.002833847509916263,0.002833847509916263,0.002833847509916263,1879,,
0.002833847509916263,0.002833847509916263,0.002833847509916263,0.002833847509916263,1879,,
0.002833847509916263,0.002833847509916263,0.002833847509916263,0.002833847509916263,1879,,
0.002833847509916263,0.002833847509916263,0.002833847509916263,0.002833847509916263,1879,,
0.002833847509916263,0.002833847509916263,0.002833847509916263,0.002833847509916263,1879,,
0.002833847509916263,0.002833847509916263,0.002833847509916263,0.002833847509916263,1879,,
0.002833847509916263,0.002833847509916263,0.002833847509916263,0.002833847509916263,1879,,
0.002833847509916263,0.002833847509916263,0.002833847509916263,0.002833847509916263,1879,,
0.002833847509916263,0.002833847509916263,0.002833847509916263,0.002833847509916263,1879,,
0.002833847509916263,0.002833847509916263,0.002833847509916263,0.002833847509916263,1879,,
0.002833847509916263,0.002833847509916263,0.002833847509916263,0.002833847509916263,1879,,
0.002833847509916263,0.002833847509916263,0.002833847509916263,0.002833847509916263,1879,,
0.002833847509916263,0.002833847509916263,0.002833847509916263,0.002833847509916263,1879,,
0.002833847509916263,0.002833847509916263,0.002833847509916263,0.002833847509916263,1879,,
0.002833847509916263,0.002833847509916263,0.002833847509916263,0.002833847509916263,1879,,
0.002833847509916263,0.002833847509916263,0.002833847509916263,0.002833847509916263,1879,,
0.002833847509916263,0.002833847509916263,0.002833847509916263,0.002833847509916263,1879,,
0.002833847509916263,0.002833847509916263,0.002833847509916263,0.002833847509916263,1879,,
0.002833847509916263,0.002833847509916263,0.002833847509916263,0.002833847509916263,1879,,
0.002833847509916263,0.002833847509916263,0.002833847509916263,0.002833847509916263,1879,,
0.002833847509916263,0.002833847509916263,0.002833847509916263,0.002833847509916263,1879,,
0.002833847509916263,0.002833847509916263,0.002833847509916263,0.002833847509916263,1879,,
0.002833847509916263,0.002833847509916263,0.002833847509916263,0.002833847509916263,1879,,
0.002833847509916263,0.002833847509916263,0.002833847509916263,0.002833847509916263,1879,,
0.002833847509916263,0.002833847509916263,0.002833847509916263,0.002833847509916263,1879,,
0.002833847509916263,0.002833847509916263,0.002833847509916263,0.002833847509916263,1879,,
0.002833847509916263,0.002833847509916263,0.002833847509916263,0.002833847509916263,1879,,
0.002833847509916263,0.002833847509916263,0.002833847509916263,0.002833847509916263,1879,,
0.002833847509916263,0.002833847509916263,0.002833847509916263,0.002833847509916263,1879,,
0.002833847509916263,0.002833847509916263,0.002833847509916263,0.002833847509916263,1879,,
0.002833847509916263,0.002833847509916263,0.002833847509916263,0.002833847509916263,1879,,
0.002833847509916263,0.002833847509916263,0.002833847509916263,0.002833847509916263,1879,,
0.002833847509916263,0.002833847509916263,0.002833847509916263,0.002833847509916263,1879,,
0.002833847509916263,0.002833847509916263,0.002833847509916263,0.002833847509916263,1879,,
0.002833847509916263,0.002833847509916263,0.002833847509916263,0.002833847509916263,1879,,
0.002833847509916263,0.002833847509916263,0.002833847509916263,0.002833847509916263,1879,,
0.002833847509916263,0.002833847509916263,0.002833847509916263,0.002833847509916263,1879,,
0.002833847509916263,0.002833847509916263,0.002833847509916263,0.002833847509916263,1879,,
0.002833847509916263,0.002833847509916263,0.002833847509916263,0.002833847509916263,1879,,
0.002833847509916263,0.002833847509916263,0.002833847509916263,0.002833847509916263,1879,,
0.002833847509916263,0.002833847509916263,0.002833847509916263,0.002833847509916263,1879,,
0.002833847509916263,0.002833847509916263,0.002833847509916263,0.002833847509916263,1879,,
0.002833847509916263,0.002833847509916263,0.002833847509916263,0.002833847509916263,1879,,
0.002833847509916263,0.002833847509916263,0.002833847509916263,0.002833847509916263,1879,,
0.002833847509916263,0.002833847509916263,0.002833847509916263,0.002833847509916263,1879,,
0.002833847509916263,0.002833847509916263,0.002833847509916263,0.002833847509916263,1879,,
0.002833847509916263,0.002833847509916263,0.002833847509916263,0.002833847509916263,1879,,
0.002833847509916263,0.002833847509916263,0.002833847509916263,0.002833847509916263,1879,,
0.002833847509916263,0.002833847509916263,0.002833847509916263,0.002833847509916263,1879,,
0.002833847509916263,0.002833847509916263,0.002833847509916263,0.002833847509916263,1879,,
0.002833847509916263,0.002833847509916263,0.002833847509916263,0.002833847509916263,1879,,
0.002833847509916263,0.002833847509916263,0.002833847509916263,0.002833847509916263,1879,,
0.002833847509916263,0.002833847509916263,0.002833847509916263,0.002833847509916263,1879,,
0.002833847509916263,0.002833847509916263,0.002833847509916263,0.002833847509916263,1879,,
0.002833847509916263,0.002833847509916263,0.002833847509916263,0.002833847509916263,1879,,
0.002833847509916263,0.002833847509916263,0.002833847509916263,0.002833847509916263,1879,,
0.002833847509916263,0.002833847509916263,0.002833847509916263,0.002833847509916263,1879,,
0.002833847509916263,0.002833847509916263,0.002833847509916263,0.002833847509916263,1879,,
0.002833847509916263,0.002833847509916263,0.002833847509916263,0.002833847509916263,1879,,
0.002833847509916263,0.002833847509916263,0.002833847509916263,0.002833847509916263,1879,,
0.002833847509916263,0.002833847509916263,0.002833847509916263,0.002833847509916263,1879,,
0.002833847509916263,0.002833847509916263,0.002833847509916263,0.002833847509916263,1879,,
0.002833847509916263,0.002833847509916263,0.002833847509916263,0.002833847509916263,1879,,
0.002833847509916263,0.002833847509916263,0.002833847509916263,0.002833847509916263,1879,,
0.002833847509916263,0.002833847509916263,0.002833847509916263,0.002833847509916263,1879,,
0.002833847509916263,0.002833847509916263,0.002833847509916263,0.002833847509916263,1879,,
0.002833847509916263,0.002833847509916263,0.002833847509916263,0.002833847509916263,1879,,
0.002833847509916263,0.002833847509916263,0.002833847509916263,0.002833847509916263,1879,,
0.002833847509916263,0.002833847509916263,0.002833847509916263,0.002833847509916263,1879,,
0.002833847509916263,0.002833847509916263,0.002833847509916263,0.002833847509916263,1879,,
0.002833847509916263,0.002833847509916263,0.002833847509916263,0.002833847509916263,1879,,
0.002833847509916263,0.002833847509916263,0.002833847509916263,0.002833847509916263,1879,,
0.002833847509916263,0.002833847509916263,0.002833847509916263,0.002833847509916263,1879,,
0.002833847509916263,0.002833847509916263,0.002833847509916263,0.002833847509916263,1879,,
0.002833847509916263,0.002833847509916263,0.002833847509916263,0.002833847509916263,1879,,
0.002833847509916263,0.002833847509916263,0.002833847509916263,0.002833847509916263,1879,,
0.002833847509916263,0.002833847509916263,0.002833847509916263,0.002833847509916263,1879,,
0.002833847509916263,0.002833847509916263,0.002833847509916263,0.002833847509916263,1879,,
0.002833847509916263,0.002833847509916263,0.002833847509916263,0.002833847509916263,1879,,
0.002833847509916263,0.002833847509916263,0.002833847509916263,0.002833847509916263,1879,,
0.002833847509916263,0.002833847509916263,0.002833847509916263,0.002833847509916263,1879,,
0.002833847509916263,0.002833847509916263,0.002833847509916263,0.002833847509916263,1879,,
0.002833847509916263,0.002833847509916263,0.002833847509916263,0.002833847509916263,1879,,
0.002833847509916263,0.002833847509916263,0.002833847509916263,0.002833847509916263,1879,,
0.002833847509916263,0.002833847509916263,0.002833847509916263,0.002833847509916263,1879,,
0.002833847509916263,0.002833847509916263,0.002833847509916263,0.002833847509916263,1879,,
,,,,1879,0.0766405537724495,15
0.002789775231379462,0.002789775231379462,0.002789775231379462,0.002789775231379462,1889,,
0.002789775231379462,0.002789775231379462,0.002789775231379462,0.002789775231379462,1889,,
0.002789775231379462,0.002789775231379462,0.002789775231379462,0.002789775231379462,1889,,
0.002789775231379462,0.002789775231379462,0.002789775231379462,0.002789775231379462,1889,,
0.002789775231379462,0.002789775231379462,0.002789775231379462,0.002789775231379462,1889,,
0.002789775231379462,0.002789775231379462,0.002789775231379462,0.002789775231379462,1889,,
0.002789775231379462,0.002789775231379462,0.002789775231379462,0.002789775231379462,1889,,
0.002789775231379462,0.002789775231379462,0.002789775231379462,0.002789775231379462,1889,,
0.002789775231379462,0.002789775231379462,0.002789775231379462,0.002789775231379462,1889,,
0.002789775231379462,0.002789775231379462,0.002789775231379462,0.002789775231379462,1889,,
0.002789775231379462,0.002789775231379462,0.002789775231379462,0.002789775231379462,1889,,
0.002789775231379462,0.002789775231379462,0.002789775231379462,0.002789775231379462,1889,,
0.002789775231379462,0.002789775231379462,0.002789775231379462,0.002789775231379462,1889,,
0.002789775231379462,0.002789775231379462,0.002789775231379462,0.002789775231379462,1889,,
0.002789775231379462,0.002789775231379462,0.002789775231379462,0.002789775231379462,1889,,
0.002789775231379462,0.002789775231379462,0.002789775231379462,0.002789775231379462,1889,,
0.002789775231379462,0.002789775231379462,0.002789775231379462,0.002789775231379462,1889,,
0.002789775231379462,0.002789775231379462,0.002789775231379462,0.002789775231379462,1889,,
0.002789775231379462,0.002789775231379462,0.002789775231379462,0.002789775231379462,1889,,
0.002789775231379462,0.002789775231379462,0.002789775231379462,0.002789775231379462,1889,,
0.002789775231379462,0.002789775231379462,0.002789775231379462,0.002789775231379462,1889,,
0.002789775231379462,0.002789775231379462,0.002789775231379462,0.002789775231379462,1889,,
0.002789775231379462,0.002789775231379462,0.002789775231379462,0.002789775231379462,1889,,
0.002789775231379462,0.002789775231379462,0.002789775231379462,0.002789775231379462,1889,,
0.002789775231379462,0.002789775231379462,0.002789775231379462,0.002789775231379462,1889,,
0.002789775231379462,0.002789775231379462,0.002789775231379462,0.002789775231379462,1889,,
0.002789775231379462,0.002789775231379462,0.002789775231379462,0.002789775231379462,1889,,
0.002789775231379462,0.002789775231379462,0.002789775231379462,0.002789775231379462,1889,,
0.002789775231379462,0.002789775231379462,0.002789775231379462,0.002789775231379462,1889,,
0.002789775231379462,0.002789775231379462,0.002789775231379462,0.002789775231379462,1889,,
0.002789775231379462,0.002789775231379462,0.002789775231379462,0.002789775231379462,1889,,
0.002789775231379462,0.002789775231379462,0.002789775231379462,0.002789775231379462,1889,,
0.002789775231379462,0.002789775231379462,0.002789775231379462,0.002789775231379462,1889,,
0.002789775231379462,0.002789775231379462,0.002789775231379462,0.002789775231379462,1889,,
0.002789775231379462,0.002789775231379462,0.002789775231379462,0.002789775231379462,1889,,
0.002789775231379462,0.002789775231379462,0.002789775231379462,0.002789775231379462,1889,,
0.002789775231379462,0.002789775231379462,0.002789775231379462,0.002789775231379462,1889,,
0.002789775231379462,0.002789775231379462,0.002789775231379462,0.002789775231379462,1889,,
0.002789775231379462,0.002789775231379462,0.002789775231379462,0.002789775231379462,1889,,
0.002789775231379462,0.002789775231379462,0.002789775231379462,0.002789775231379462,1889,,
0.002789775231379462,0.002789775231379462,0.002789775231379462,0.002789775231379462,1889,,
0.002789775231379462,0.002789775231379462,0.002789775231379462,0.002789775231379462,1889,,
0.002789775231379462,0.002789775231379462,0.002789775231379462,0.002789775231379462,1889,,
0.002789775231379462,0.002789775231379462,0.002789775231379462,0.002789775231379462,1889,,
0.002789775231379462,0.002789775231379462,0.002789775231379462,0.002789775231379462,1889,,
0.002789775231379462,0.002789775231379462,0.002789775231379462,0.002789775231379462,1889,,
0.002789775231379462,0.002789775231379462,0.002789775231379462,0.002789775231379462,1889,,
0.002789775231379462,0.002789775231379462,0.002789775231379462,0.002789775231379462,1889,,
0.002789775231379462,0.002789775231379462,0.002789775231379462,0.002789775231379462,1889,,
0.002789775231379462,0.002789775231379462,0.002789775231379462,0.002789775231379462,1889,,
0.002789775231379462,0.002789775231379462,0.002789775231379462,0.002789775231379462,1889,,
0.002789775231379462,0.002789775231379462,0.002789775231379462,0.002789775231379462,1889,,
0.002789775231379462,0.002789775231379462,0.002789775231379462,0.002789775231379462,1889,,
0.002789775231379462,0.002789775231379462,0.002789775231379462,0.002789775231379462,1889,,
0.002789775231379462,0.002789775231379462,0.002789775231379462,0.002789775231379462,1889,,
0.002789775231379462,0.002789775231379462,0.002789775231379462,0.002789775231379462,1889,,
0.002789775231379462,0.002789775231379462,0.002789775231379462,0.002789775231379462,1889,,
0.002789775231379462,0.002789775231379462,0.002789775231379462,0.002789775231379462,1889,,
0.002789775231379462,0.002789775231379462,0.002789775231379462,0.002789775231379462,1889,,
0.002789775231379462,0.002789775231379462,0.002789775231379462,0.002789775231379462,1889,,
0.002789775231379462,0.002789775231379462,0.002789775231379462,0.002789775231379462,1889,,
0.002789775231379462,0.002789775231379462,0.002789775231379462,0.002789775231379462,1889,,
0.002789775231379462,0.002789775231379462,0.002789775231379462,0.002789775231379462,1889,,
0.002789775231379462,0.002789775231379462,0.002789775231379462,0.002789775231379462,1889,,
0.002789775231379462,0.002789775231379462,0.002789775231379462,0.002789775231379462,1889,,
0.002789775231379462,0.002789775231379462,0.002789775231379462,0.002789775231379462,1889,,
0.002789775231379462,0.002789775231379462,0.002789775231379462,0.002789775231379462,1889,,
0.002789775231379462,0.002789775231379462,0.002789775231379462,0.002789775231379462,1889,,
0.002789775231379462,0.002789775231379462,0.002789775231379462,0.002789775231379462,1889,,
0.002789775231379462,0.002789775231379462,0.002789775231379462,0.002789775231379462,1889,,
0.002789775231379462,0.002789775231379462,0.002789775231379462,0.002789775231379462,1889,,
0.002789775231379462,0.002789775231379462,0.002789775231379462,0.002789775231379462,1889,,
0.002789775231379462,0.002789775231379462,0.002789775231379462,0.002789775231379462,1889,,
0.002789775231379462,0.002789775231379462,0.002789775231379462,0.002789775231379462,1889,,
0.002789775231379462,0.002789775231379462,0.002789775231379462,0.002789775231379462,1889,,
0.002789775231379462,0.002789775231379462,0.002789775231379462,0.002789775231379462,1889,,
0.002789775231379462,0.002789775231379462,0.002789775231379462,0.002789775231379462,1889,,
0.002789775231379462,0.002789775231379462,0.002789775231379462,0.002789775231379462,1889,,
0.002789775231379462,0.002789775231379462,0.002789775231379462,0.002789775231379462,1889,,
0.002789775231379462,0.002789775231379462,0.002789775231379462,0.002789775231379462,1889,,
0.002789775231379462,0.002789775231379462,0.002789775231379462,0.002789775231379462,1889,,
0.002789775231379462,0.002789775231379462,0.002789775231379462,0.002789775231379462,1889,,
0.002789775231379462,0.002789775231379462,0.002789775231379462,0.002789775231379462,1889,,
0.002789775231379462,0.002789775231379462,0.002789775231379462,0.002789775231379462,1889,,
0.002789775231379462,0.002789775231379462,0.002789775231379462,0.002789775231379462,1889,,
0.002789775231379462,0.002789775231379462,0.002789775231379462,0.002789775231379462,1889,,
0.002789775231379462,0.002789775231379462,0.002789775231379462,0.002789775231379462,1889,,
0.002789775231379462,0.002789775231379462,0.002789775231379462,0.002789775231379462,1889,,
0.002789775231379462,0.002789775231379462,0.002789775231379462,0.002789775231379462,1889,,
0.002789775231379462,0.002789775231379462,0.002789775231379462,0.002789775231379462,1889,,
0.002789775231379462,0.002789775231379462,0.002789775231379462,0.002789775231379462,1889,,
0.002789775231379462,0.002789775231379462,0.002789775231379462,0.002789775231379462,1889,,
0.002789775231379462,0.002789775231379462,0.002789775231379462,0.002789775231379462,1889,,
0.002789775231379462,0.002789775231379462,0.002789775231379462,0.002789775231379462,1889,,
0.002789775231379462,0.002789775231379462,0.002789775231379462,0.002789775231379462,1889,,
0.002789775231379462,0.002789775231379462,0.002789775231379462,0.002789775231379462,1889,,
0.002789775231379462,0.002789775231379462,0.002789775231379462,0.002789775231379462,1889,,
0.002789775231379462,0.002789775231379462,0.002789775231379462,0.002789775231379462,1889,,
0.002789775231379462,0.002789775231379462,0.002789775231379462,0.002789775231379462,1889,,
0.002789775231379462,0.002789775231379462,0.002789775231379462,0.002789775231379462,1889,,
0.002789775231379462,0.002789775231379462,0.002789775231379462,0.002789775231379462,1889,,
0.002789775231379462,0.002789775231379462,0.002789775231379462,0.002789775231379462,1889,,
0.002789775231379462,0.002789775231379462,0.002789775231379462,0.002789775231379462,1889,,
0.002789775231379462,0.002789775231379462,0.002789775231379462,0.002789775231379462,1889,,
0.002789775231379462,0.002789775231379462,0.002789775231379462,0.002789775231379462,1889,,
0.002789775231379462,0.002789775231379462,0.002789775231379462,0.002789775231379462,1889,,
0.002789775231379462,0.002789775231379462,0.002789775231379462,0.002789775231379462,1889,,
0.002789775231379462,0.002789775231379462,0.002789775231379462,0.002789775231379462,1889,,
0.002789775231379462,0.002789775231379462,0.002789775231379462,0.002789775231379462,1889,,
0.002789775231379462,0.002789775231379462,0.002789775231379462,0.002789775231379462,1889,,
0.002789775231379462,0.002789775231379462,0.002789775231379462,0.002789775231379462,1889,,
0.002789775231379462,0.002789775231379462,0.002789775231379462,0.002789775231379462,1889,,
0.002789775231379462,0.002789775231379462,0.002789775231379462,0.002789775231379462,1889,,
0.002789775231379462,0.002789775231379462,0.002789775231379462,0.002789775231379462,1889,,
0.002789775231379462,0.002789775231379462,0.002789775231379462,0.002789775231379462,1889,,
0.002789775231379462,0.002789775231379462,0.002789775231379462,0.002789775231379462,1889,,
0.002789775231379462,0.002789775231379462,0.002789775231379462,0.002789775231379462,1889,,
0.002789775231379462,0.002789775231379462,0.002789775231379462,0.002789775231379462,1889,,
0.002789775231379462,0.002789775231379462,0.002789775231379462,0.002789775231379462,1889,,
0.002789775231379462,0.002789775231379462,0.002789775231379462,0.002789775231379462,1889,,
0.002789775231379462,0.002789775231379462,0.002789775231379462,0.002789775231379462,1889,,
0.002789775231379462,0.002789775231379462,0.002789775231379462,0.002789775231379462,1889,,
0.002789775231379462,0.002789775231379462,0.002789775231379462,0.002789775231379462,1889,,
0.002789775231379462,0.002789775231379462,0.002789775231379462,0.002789775231379462,1889,,
0.002789775231379462,0.002789775231379462,0.002789775231379462,0.002789775231379462,1889,,
0.002789775231379462,0.002789775231379462,0.002789775231379462,0.002789775231379462,1889,,
0.002789775231379462,0.002789775231379462,0.002789775231379462,0.002789775231379462,1889,,
0.002789775231379462,0.002789775231379462,0.002789775231379462,0.002789775231379462,1889,,
,,,,1889,0.0657481923699379,15
0.0027457029528426624,0.0027457029528426624,0.0027457029528426624,0.0027457029528426624,1899,,
0.0027457029528426624,0.0027457029528426624,0.0027457029528426624,0.0027457029528426624,1899,,
0.0027457029528426624,0.0027457029528426624,0.0027457029528426624,0.0027457029528426624,1899,,
0.0027457029528426624,0.0027457029528426624,0.0027457029528426624,0.0027457029528426624,1899,,
0.0027457029528426624,0.0027457029528426624,0.0027457029528426624,0.0027457029528426624,1899,,
0.0027457029528426624,0.0027457029528426624,0.0027457029528426624,0.0027457029528426624,1899,,
0.0027457029528426624,0.0027457029528426624,0.0027457029528426624,0.0027457029528426624,1899,,
0.0027457029528426624,0.0027457029528426624,0.0027457029528426624,0.0027457029528426624,1899,,
0.0027457029528426624,0.0027457029528426624,0.0027457029528426624,0.0027457029528426624,1899,,
0.0027457029528426624,0.0027457029528426624,0.0027457029528426624,0.0027457029528426624,1899,,
0.0027457029528426624,0.0027457029528426624,0.0027457029528426624,0.0027457029528426624,1899,,
0.0027457029528426624,0.0027457029528426624,0.0027457029528426624,0.0027457029528426624,1899,,
0.0027457029528426624,0.0027457029528426624,0.0027457029528426624,0.0027457029528426624,1899,,
0.0027457029528426624,0.0027457029528426624,0.0027457029528426624,0.0027457029528426624,1899,,
0.0027457029528426624,0.0027457029528426624,0.0027457029528426624,0.0027457029528426624,1899,,
0.0027457029528426624,0.0027457029528426624,0.0027457029528426624,0.0027457029528426624,1899,,
0.0027457029528426624,0.0027457029528426624,0.0027457029528426624,0.0027457029528426624,1899,,
0.0027457029528426624,0.0027457029528426624,0.0027457029528426624,0.0027457029528426624,1899,,
0.0027457029528426624,0.0027457029528426624,0.0027457029528426624,0.0027457029528426624,1899,,
0.0027457029528426624,0.0027457029528426624,0.0027457029528426624,0.0027457029528426624,1899,,
0.0027457029528426624,0.0027457029528426624,0.0027457029528426624,0.0027457029528426624,1899,,
0.0027457029528426624,0.0027457029528426624,0.0027457029528426624,0.0027457029528426624,1899,,
0.0027457029528426624,0.0027457029528426624,0.0027457029528426624,0.0027457029528426624,1899,,
0.0027457029528426624,0.0027457029528426624,0.0027457029528426624,0.0027457029528426624,1899,,
0.0027457029528426624,0.0027457029528426624,0.0027457029528426624,0.0027457029528426624,1899,,
0.0027457029528426624,0.0027457029528426624,0.0027457029528426624,0.0027457029528426624,1899,,
0.0027457029528426624,0.0027457029528426624,0.0027457029528426624,0.0027457029528426624,1899,,
0.0027457029528426624,0.0027457029528426624,0.0027457029528426624,0.0027457029528426624,1899,,
0.0027457029528426624,0.0027457029528426624,0.0027457029528426624,0.0027457029528426624,1899,,
0.0027457029528426624,0.0027457029528426624,0.0027457029528426624,0.0027457029528426624,1899,,
0.0027457029528426624,0.0027457029528426624,0.0027457029528426624,0.0027457029528426624,1899,,
0.0027457029528426624,0.0027457029528426624,0.0027457029528426624,0.0027457029528426624,1899,,
0.0027457029528426624,0.0027457029528426624,0.0027457029528426624,0.0027457029528426624,1899,,
0.0027457029528426624,0.0027457029528426624,0.0027457029528426624,0.0027457029528426624,1899,,
0.0027457029528426624,0.0027457029528426624,0.0027457029528426624,0.0027457029528426624,1899,,
0.0027457029528426624,0.0027457029528426624,0.0027457029528426624,0.0027457029528426624,1899,,
0.0027457029528426624,0.0027457029528426624,0.0027457029528426624,0.0027457029528426624,1899,,
0.0027457029528426624,0.0027457029528426624,0.0027457029528426624,0.0027457029528426624,1899,,
0.0027457029528426624,0.0027457029528426624,0.0027457029528426624,0.0027457029528426624,1899,,
0.0027457029528426624,0.0027457029528426624,0.0027457029528426624,0.0027457029528426624,1899,,
0.0027457029528426624,0.0027457029528426624,0.0027457029528426624,0.0027457029528426624,1899,,
0.0027457029528426624,0.0027457029528426624,0.0027457029528426624,0.0027457029528426624,1899,,
0.0027457029528426624,0.0027457029528426624,0.0027457029528426624,0.0027457029528426624,1899,,
0.0027457029528426624,0.0027457029528426624,0.0027457029528426624,0.0027457029528426624,1899,,
0.0027457029528426624,0.0027457029528426624,0.0027457029528426624,0.0027457029528426624,1899,,
0.0027457029528426624,0.0027457029528426624,0.0027457029528426624,0.0027457029528426624,1899,,
0.0027457029528426624,0.0027457029528426624,0.0027457029528426624,0.0027457029528426624,1899,,
0.0027457029528426624,0.0027457029528426624,0.0027457029528426624,0.0027457029528426624,1899,,
0.0027457029528426624,0.0027457029528426624,0.0027457029528426624,0.0027457029528426624,1899,,
0.0027457029528426624,0.0027457029528426624,0.0027457029528426624,0.0027457029528426624,1899,,
0.0027457029528426624,0.0027457029528426624,0.0027457029528426624,0.0027457029528426624,1899,,
0.0027457029528426624,0.0027457029528426624,0.0027457029528426624,0.0027457029528426624,1899,,
0.0027457029528426624,0.0027457029528426624,0.0027457029528426624,0.0027457029528426624,1899,,
0.0027457029528426624,0.0027457029528426624,0.0027457029528426624,0.0027457029528426624,1899,,
0.0027457029528426624,0.0027457029528426624,0.0027457029528426624,0.0027457029528426624,1899,,
0.0027457029528426624,0.0027457029528426624,0.0027457029528426624,0.0027457029528426624,1899,,
0.0027457029528426624,0.0027457029528426624,0.0027457029528426624,0.0027457029528426624,1899,,
0.0027457029528426624,0.0027457029528426624,0.0027457029528426624,0.0027457029528426624,1899,,
0.0027457029528426624,0.0027457029528426624,0.0027457029528426624,0.0027457029528426624,1899,,
0.0027457029528426624,0.0027457029528426624,0.0027457029528426624,0.0027457029528426624,1899,,
0.0027457029528426624,0.0027457029528426624,0.0027457029528426624,0.0027457029528426624,1899,,
0.0027457029528426624,0.0027457029528426624,0.0027457029528426624,0.0027457029528426624,1899,,
0.0027457029528426624,0.0027457029528426624,0.0027457029528426624,0.0027457029528426624,1899,,
0.0027457029528426624,0.0027457029528426624,0.0027457029528426624,0.0027457029528426624,1899,,
0.0027457029528426624,0.0027457029528426624,0.0027457029528426624,0.0027457029528426624,1899,,
0.0027457029528426624,0.0027457029528426624,0.0027457029528426624,0.0027457029528426624,1899,,
0.0027457029528426624,0.0027457029528426624,0.0027457029528426624,0.0027457029528426624,1899,,
0.0027457029528426624,0.0027457029528426624,0.0027457029528426624,0.0027457029528426624,1899,,
0.0027457029528426624,0.0027457029528426624,0.0027457029528426624,0.0027457029528426624,1899,,
0.0027457029528426624,0.0027457029528426624,0.0027457029528426624,0.0027457029528426624,1899,,
0.0027457029528426624,0.0027457029528426624,0.0027457029528426624,0.0027457029528426624,1899,,
0.0027457029528426624,0.0027457029528426624,0.0027457029528426624,0.0027457029528426624,1899,,
0.0027457029528426624,0.0027457029528426624,0.0027457029528426624,0.0027457029528426624,1899,,
0.0027457029528426624,0.0027457029528426624,0.0027457029528426624,0.0027457029528426624,1899,,
0.0027457029528426624,0.0027457029528426624,0.0027457029528426624,0.0027457029528426624,1899,,
0.0027457029528426624,0.0027457029528426624,0.0027457029528426624,0.0027457029528426624,1899,,
0.0027457029528426624,0.0027457029528426624,0.0027457029528426624,0.0027457029528426624,1899,,
0.0027457029528426624,0.0027457029528426624,0.0027457029528426624,0.0027457029528426624,1899,,
0.0027457029528426624,0.0027457029528426624,0.0027457029528426624,0.0027457029528426624,1899,,
0.0027457029528426624,0.0027457029528426624,0.0027457029528426624,0.0027457029528426624,1899,,
0.0027457029528426624,0.0027457029528426624,0.0027457029528426624,0.0027457029528426624,1899,,
0.0027457029528426624,0.0027457029528426624,0.0027457029528426624,0.0027457029528426624,1899,,
0.0027457029528426624,0.0027457029528426624,0.0027457029528426624,0.0027457029528426624,1899,,
0.0027457029528426624,0.0027457029528426624,0.0027457029528426624,0.0027457029528426624,1899,,
0.0027457029528426624,0.0027457029528426624,0.0027457029528426624,0.0027457029528426624,1899,,
0.0027457029528426624,0.0027457029528426624,0.0027457029528426624,0.0027457029528426624,1899,,
0.0027457029528426624,0.0027457029528426624,0.0027457029528426624,0.0027457029528426624,1899,,
0.0027457029528426624,0.0027457029528426624,0.0027457029528426624,0.0027457029528426624,1899,,
0.0027457029528426624,0.0027457029528426624,0.0027457029528426624,0.0027457029528426624,1899,,
0.0027457029528426624,0.0027457029528426624,0.0027457029528426624,0.0027457029528426624,1899,,
0.0027457029528426624,0.0027457029528426624,0.0027457029528426624,0.0027457029528426624,1899,,
0.0027457029528426624,0.0027457029528426624,0.0027457029528426624,0.0027457029528426624,1899,,
0.0027457029528426624,0.0027457029528426624,0.0027457029528426624,0.0027457029528426624,1899,,
0.0027457029528426624,0.0027457029528426624,0.0027457029528426624,0.0027457029528426624,1899,,
0.0027457029528426624,0.0027457029528426624,0.0027457029528426624,0.0027457029528426624,1899,,
0.0027457029528426624,0.0027457029528426624,0.0027457029528426624,0.0027457029528426624,1899,,
0.0027457029528426624,0.0027457029528426624,0.0027457029528426624,0.0027457029528426624,1899,,
0.0027457029528426624,0.0027457029528426624,0.0027457029528426624,0.0027457029528426624,1899,,
0.0027457029528426624,0.0027457029528426624,0.0027457029528426624,0.0027457029528426624,1899,,
0.0027457029528426624,0.0027457029528426624,0.0027457029528426624,0.0027457029528426624,1899,,
0.0027457029528426624,0.0027457029528426624,0.0027457029528426624,0.0027457029528426624,1899,,
0.0027457029528426624,0.0027457029528426624,0.0027457029528426624,0.0027457029528426624,1899,,
0.0027457029528426624,0.0027457029528426624,0.0027457029528426624,0.0027457029528426624,1899,,
0.0027457029528426624,0.0027457029528426624,0.0027457029528426624,0.0027457029528426624,1899,,
0.0027457029528426624,0.0027457029528426624,0.0027457029528426624,0.0027457029528426624,1899,,
0.0027457029528426624,0.0027457029528426624,0.0027457029528426624,0.0027457029528426624,1899,,
0.0027457029528426624,0.0027457029528426624,0.0027457029528426624,0.0027457029528426624,1899,,
0.0027457029528426624,0.0027457029528426624,0.0027457029528426624,0.0027457029528426624,1899,,
0.0027457029528426624,0.0027457029528426624,0.0027457029528426624,0.0027457029528426624,1899,,
0.0027457029528426624,0.0027457029528426624,0.0027457029528426624,0.0027457029528426624,1899,,
0.0027457029528426624,0.0027457029528426624,0.0027457029528426624,0.0027457029528426624,1899,,
0.0027457029528426624,0.0027457029528426624,0.0027457029528426624,0.0027457029528426624,1899,,
0.0027457029528426624,0.0027457029528426624,0.0027457029528426624,0.0027457029528426624,1899,,
0.0027457029528426624,0.0027457029528426624,0.0027457029528426624,0.0027457029528426624,1899,,
0.0027457029528426624,0.0027457029528426624,0.0027457029528426624,0.0027457029528426624,1899,,
0.0027457029528426624,0.0027457029528426624,0.0027457029528426624,0.0027457029528426624,1899,,
0.0027457029528426624,0.0027457029528426624,0.0027457029528426624,0.0027457029528426624,1899,,
0.0027457029528426624,0.0027457029528426624,0.0027457029528426624,0.0027457029528426624,1899,,
0.0027457029528426624,0.0027457029528426624,0.0027457029528426624,0.0027457029528426624,1899,,
0.0027457029528426624,0.0027457029528426624,0.0027457029528426624,0.0027457029528426624,1899,,
0.0027457029528426624,0.0027457029528426624,0.0027457029528426624,0.0027457029528426624,1899,,
0.0027457029528426624,0.0027457029528426624,0.0027457029528426624,0.0027457029528426624,1899,,
0.0027457029528426624,0.0027457029528426624,0.0027457029528426624,0.0027457029528426624,1899,,
0.0027457029528426624,0.0027457029528426624,0.0027457029528426624,0.0027457029528426624,1899,,
0.0027457029528426624,0.0027457029528426624,0.0027457029528426624,0.0027457029528426624,1899,,
0.0027457029528426624,0.0027457029528426624,0.0027457029528426624,0.0027457029528426624,1899,,
0.0027457029528426624,0.0027457029528426624,0.0027457029528426624,0.0027457029528426624,1899,,
0.0027457029528426624,0.0027457029528426624,0.0027457029528426624,0.0027457029528426624,1899,,
,,,,1899,0.01557968370616436,15
