memory.used [MiB], memory.total [MiB], utilization.gpu [%]
1489 MiB, 8188 MiB, 15 %
1488 MiB, 8188 MiB, 10 %
1483 MiB, 8188 MiB, 10 %
1489 MiB, 8188 MiB, 25 %
1489 MiB, 8188 MiB, 28 %
1479 MiB, 8188 MiB, 29 %
1479 MiB, 8188 MiB, 32 %
1479 MiB, 8188 MiB, 34 %
1485 MiB, 8188 MiB, 35 %
1485 MiB, 8188 MiB, 35 %
1479 MiB, 8188 MiB, 35 %
1479 MiB, 8188 MiB, 37 %
1479 MiB, 8188 MiB, 38 %
1470 MiB, 8188 MiB, 38 %
1470 MiB, 8188 MiB, 38 %
1470 MiB, 8188 MiB, 39 %
1470 MiB, 8188 MiB, 39 %
2203 MiB, 8188 MiB, 38 %
