timestamp,memory.used [MiB],memory.total [MiB],utilization.gpu [%]
2026-07-27T16:15:06.0855260+08:00,1384, 8188, 45
2026-07-27T16:15:07.1994580+08:00,1384, 8188, 23
2026-07-27T16:15:08.2817611+08:00,1381, 8188, 26
2026-07-27T16:15:09.3570125+08:00,1373, 8188, 22
2026-07-27T16:15:10.4358233+08:00,1380, 8188, 46
2026-07-27T16:15:11.5060572+08:00,1380, 8188, 24
2026-07-27T16:15:12.5691978+08:00,1378, 8188, 24
2026-07-27T16:15:13.6428596+08:00,1372, 8188, 24
2026-07-27T16:15:14.7085333+08:00,1380, 8188, 24
2026-07-27T16:15:15.7691985+08:00,1382, 8188, 45
2026-07-27T16:15:16.8359114+08:00,1376, 8188, 23
2026-07-27T16:15:17.8998179+08:00,1380, 8188, 23
2026-07-27T16:15:18.9726691+08:00,1381, 8188, 23
2026-07-27T16:15:20.0524126+08:00,1380, 8188, 24
2026-07-27T16:15:21.1249939+08:00,1380, 8188, 24
2026-07-27T16:15:22.1959277+08:00,1372, 8188, 43
2026-07-27T16:15:23.2661711+08:00,2116, 8188, 37
2026-07-27T16:15:24.3392289+08:00,2492, 8188, 13
2026-07-27T16:15:25.4181706+08:00,1722, 8188, 18
